--
-- PostgreSQL database dump
--

\restrict bqXylHE7wiScbFL5CcgV8sckV5Ioy2pacUl2PT8Iayhnvkiwo1zCck8BeVKeh39

-- Dumped from database version 18.0
-- Dumped by pg_dump version 18.0

-- Started on 2025-11-19 22:31:16

SET statement_timeout = 0;
SET lock_timeout = 0;
SET idle_in_transaction_session_timeout = 0;
SET transaction_timeout = 0;
SET client_encoding = 'UTF8';
SET standard_conforming_strings = on;
SELECT pg_catalog.set_config('search_path', '', false);
SET check_function_bodies = false;
SET xmloption = content;
SET client_min_messages = warning;
SET row_security = off;

SET default_tablespace = '';

SET default_table_access_method = heap;

--
-- TOC entry 221 (class 1259 OID 16398)
-- Name: Plans; Type: TABLE; Schema: public; Owner: postgres
--

CREATE TABLE public."Plans" (
    "Id" integer NOT NULL,
    "Name" text NOT NULL,
    "Discount" numeric
);


ALTER TABLE public."Plans" OWNER TO postgres;

--
-- TOC entry 220 (class 1259 OID 16397)
-- Name: Plans_Id_seq; Type: SEQUENCE; Schema: public; Owner: postgres
--

ALTER TABLE public."Plans" ALTER COLUMN "Id" ADD GENERATED BY DEFAULT AS IDENTITY (
    SEQUENCE NAME public."Plans_Id_seq"
    START WITH 1
    INCREMENT BY 1
    NO MINVALUE
    NO MAXVALUE
    CACHE 1
);


--
-- TOC entry 225 (class 1259 OID 16418)
-- Name: PriceThresholds; Type: TABLE; Schema: public; Owner: postgres
--

CREATE TABLE public."PriceThresholds" (
    "Id" integer NOT NULL,
    "Price" numeric NOT NULL,
    "Threshold" integer,
    "PlanId" integer NOT NULL
);


ALTER TABLE public."PriceThresholds" OWNER TO postgres;

--
-- TOC entry 224 (class 1259 OID 16417)
-- Name: PriceThresholds_Id_seq; Type: SEQUENCE; Schema: public; Owner: postgres
--

ALTER TABLE public."PriceThresholds" ALTER COLUMN "Id" ADD GENERATED BY DEFAULT AS IDENTITY (
    SEQUENCE NAME public."PriceThresholds_Id_seq"
    START WITH 1
    INCREMENT BY 1
    NO MINVALUE
    NO MAXVALUE
    CACHE 1
);


--
-- TOC entry 223 (class 1259 OID 16408)
-- Name: TaxGroups; Type: TABLE; Schema: public; Owner: postgres
--

CREATE TABLE public."TaxGroups" (
    "Id" integer NOT NULL,
    "Name" text NOT NULL,
    "Eco_tax" numeric DEFAULT 0.0 NOT NULL,
    "Vat" numeric DEFAULT 0.0 NOT NULL
);


ALTER TABLE public."TaxGroups" OWNER TO postgres;

--
-- TOC entry 222 (class 1259 OID 16407)
-- Name: TaxGroups_Id_seq; Type: SEQUENCE; Schema: public; Owner: postgres
--

ALTER TABLE public."TaxGroups" ALTER COLUMN "Id" ADD GENERATED BY DEFAULT AS IDENTITY (
    SEQUENCE NAME public."TaxGroups_Id_seq"
    START WITH 1
    INCREMENT BY 1
    NO MINVALUE
    NO MAXVALUE
    CACHE 1
);


--
-- TOC entry 227 (class 1259 OID 16434)
-- Name: Users; Type: TABLE; Schema: public; Owner: postgres
--

CREATE TABLE public."Users" (
    "Id" integer CONSTRAINT "Users_id_not_null" NOT NULL,
    "Username" text NOT NULL,
    "Password" text NOT NULL,
    "Role" text NOT NULL,
    "Consumption" double precision,
    "TaxGroupId" integer,
    "PlanId" integer,
    "Email" text
);


ALTER TABLE public."Users" OWNER TO postgres;

--
-- TOC entry 226 (class 1259 OID 16433)
-- Name: Users_id_seq; Type: SEQUENCE; Schema: public; Owner: postgres
--

ALTER TABLE public."Users" ALTER COLUMN "Id" ADD GENERATED BY DEFAULT AS IDENTITY (
    SEQUENCE NAME public."Users_id_seq"
    START WITH 1
    INCREMENT BY 1
    NO MINVALUE
    NO MAXVALUE
    CACHE 1
);


--
-- TOC entry 219 (class 1259 OID 16390)
-- Name: __EFMigrationsHistory; Type: TABLE; Schema: public; Owner: postgres
--

CREATE TABLE public."__EFMigrationsHistory" (
    "MigrationId" character varying(150) NOT NULL,
    "ProductVersion" character varying(32) NOT NULL
);


ALTER TABLE public."__EFMigrationsHistory" OWNER TO postgres;

--
-- TOC entry 5042 (class 0 OID 16398)
-- Dependencies: 221
-- Data for Name: Plans; Type: TABLE DATA; Schema: public; Owner: postgres
--

COPY public."Plans" ("Id", "Name", "Discount") FROM stdin;
4	Premium	20
8	Express	15
5	Elite	10
1	Standard	5
\.


--
-- TOC entry 5046 (class 0 OID 16418)
-- Dependencies: 225
-- Data for Name: PriceThresholds; Type: TABLE DATA; Schema: public; Owner: postgres
--

COPY public."PriceThresholds" ("Id", "Price", "Threshold", "PlanId") FROM stdin;
2	0.11	200	1
14	0.08	300	1
15	0.2	100	4
18	0.03	\N	4
19	0.15	300	4
20	0.3	100	5
21	0.1	1500	5
16	0.1	400	4
28	0.1	100	8
29	0.2	200	8
30	0.15	500	8
31	0.05	\N	8
33	0.05	\N	5
36	0.1	\N	1
3	0.05	320	1
1	0.15	100	1
\.


--
-- TOC entry 5044 (class 0 OID 16408)
-- Dependencies: 223
-- Data for Name: TaxGroups; Type: TABLE DATA; Schema: public; Owner: postgres
--

COPY public."TaxGroups" ("Id", "Name", "Eco_tax", "Vat") FROM stdin;
3	Small Business	3	5
2	Medium Sized Business	2	16
7	Large Business	12.5	10
1	Household	0.5	15
\.


--
-- TOC entry 5048 (class 0 OID 16434)
-- Dependencies: 227
-- Data for Name: Users; Type: TABLE DATA; Schema: public; Owner: postgres
--

COPY public."Users" ("Id", "Username", "Password", "Role", "Consumption", "TaxGroupId", "PlanId", "Email") FROM stdin;
1	jwhick	salamander	user	250.3	1	1	\N
2	johndoe	SecurePass123	user	350.5	2	\N	\N
3	milan	milance	user	200	2	1	\N
6	admin	$2a$11$0T/buImQItMHK.YB1PLMAeZHtEN7eYKKzvfvrhG3KSpx/FNH7vQaW	admin	\N	\N	\N	\N
7	Novus	$2a$11$f.6KTlamIIgpwUlbweOphOfLViW7O98ZqCnrviT66u6oddH5gpi/i	user	\N	\N	\N	\N
8	Novus2	$2a$11$LFVKqtgw3sWNgdU4iJAcx.J81JWHPhvBIBCXnt8o.BY.FL618BXH2	user	\N	\N	\N	\N
9	kuzminski	$2a$11$AdZ6M/a8YXmwZQy0l3Saxu4e8YjnS9fEsc6FQP3I3r8F/ZGP0Ojgy	user	\N	\N	\N	\N
5	jojo	$2a$11$ZGDWl9LVG/4n6QEJi7aJqO.bwOPB8cJw3UKq6QQFBDdaH/X3USZBW	user	150	2	8	jojo@gmail.com
\.


--
-- TOC entry 5040 (class 0 OID 16390)
-- Dependencies: 219
-- Data for Name: __EFMigrationsHistory; Type: TABLE DATA; Schema: public; Owner: postgres
--

COPY public."__EFMigrationsHistory" ("MigrationId", "ProductVersion") FROM stdin;
20251101195039_init	8.0.21
20251103115054_AddTaxFieldsToTaxGroup	8.0.21
20251103140952_IdChange	8.0.21
20251104103330_AddDiscountToPlan	8.0.21
20251104110221_RenameDiscount	8.0.21
20251112132205_AddUserEmail	8.0.21
\.


--
-- TOC entry 5054 (class 0 OID 0)
-- Dependencies: 220
-- Name: Plans_Id_seq; Type: SEQUENCE SET; Schema: public; Owner: postgres
--

SELECT pg_catalog.setval('public."Plans_Id_seq"', 10, true);


--
-- TOC entry 5055 (class 0 OID 0)
-- Dependencies: 224
-- Name: PriceThresholds_Id_seq; Type: SEQUENCE SET; Schema: public; Owner: postgres
--

SELECT pg_catalog.setval('public."PriceThresholds_Id_seq"', 38, true);


--
-- TOC entry 5056 (class 0 OID 0)
-- Dependencies: 222
-- Name: TaxGroups_Id_seq; Type: SEQUENCE SET; Schema: public; Owner: postgres
--

SELECT pg_catalog.setval('public."TaxGroups_Id_seq"', 8, true);


--
-- TOC entry 5057 (class 0 OID 0)
-- Dependencies: 226
-- Name: Users_id_seq; Type: SEQUENCE SET; Schema: public; Owner: postgres
--

SELECT pg_catalog.setval('public."Users_id_seq"', 9, true);


--
-- TOC entry 4880 (class 2606 OID 16406)
-- Name: Plans PK_Plans; Type: CONSTRAINT; Schema: public; Owner: postgres
--

ALTER TABLE ONLY public."Plans"
    ADD CONSTRAINT "PK_Plans" PRIMARY KEY ("Id");


--
-- TOC entry 4885 (class 2606 OID 16427)
-- Name: PriceThresholds PK_PriceThresholds; Type: CONSTRAINT; Schema: public; Owner: postgres
--

ALTER TABLE ONLY public."PriceThresholds"
    ADD CONSTRAINT "PK_PriceThresholds" PRIMARY KEY ("Id");


--
-- TOC entry 4882 (class 2606 OID 16416)
-- Name: TaxGroups PK_TaxGroups; Type: CONSTRAINT; Schema: public; Owner: postgres
--

ALTER TABLE ONLY public."TaxGroups"
    ADD CONSTRAINT "PK_TaxGroups" PRIMARY KEY ("Id");


--
-- TOC entry 4889 (class 2606 OID 16444)
-- Name: Users PK_Users; Type: CONSTRAINT; Schema: public; Owner: postgres
--

ALTER TABLE ONLY public."Users"
    ADD CONSTRAINT "PK_Users" PRIMARY KEY ("Id");


--
-- TOC entry 4878 (class 2606 OID 16396)
-- Name: __EFMigrationsHistory PK___EFMigrationsHistory; Type: CONSTRAINT; Schema: public; Owner: postgres
--

ALTER TABLE ONLY public."__EFMigrationsHistory"
    ADD CONSTRAINT "PK___EFMigrationsHistory" PRIMARY KEY ("MigrationId");


--
-- TOC entry 4883 (class 1259 OID 16455)
-- Name: IX_PriceThresholds_PlanId; Type: INDEX; Schema: public; Owner: postgres
--

CREATE INDEX "IX_PriceThresholds_PlanId" ON public."PriceThresholds" USING btree ("PlanId");


--
-- TOC entry 4886 (class 1259 OID 16456)
-- Name: IX_Users_PlanId; Type: INDEX; Schema: public; Owner: postgres
--

CREATE INDEX "IX_Users_PlanId" ON public."Users" USING btree ("PlanId");


--
-- TOC entry 4887 (class 1259 OID 16457)
-- Name: IX_Users_TaxGroupId; Type: INDEX; Schema: public; Owner: postgres
--

CREATE INDEX "IX_Users_TaxGroupId" ON public."Users" USING btree ("TaxGroupId");


--
-- TOC entry 4890 (class 2606 OID 16428)
-- Name: PriceThresholds FK_PriceThresholds_Plans_PlanId; Type: FK CONSTRAINT; Schema: public; Owner: postgres
--

ALTER TABLE ONLY public."PriceThresholds"
    ADD CONSTRAINT "FK_PriceThresholds_Plans_PlanId" FOREIGN KEY ("PlanId") REFERENCES public."Plans"("Id") ON DELETE CASCADE;


--
-- TOC entry 4891 (class 2606 OID 16445)
-- Name: Users FK_Users_Plans_PlanId; Type: FK CONSTRAINT; Schema: public; Owner: postgres
--

ALTER TABLE ONLY public."Users"
    ADD CONSTRAINT "FK_Users_Plans_PlanId" FOREIGN KEY ("PlanId") REFERENCES public."Plans"("Id");


--
-- TOC entry 4892 (class 2606 OID 16450)
-- Name: Users FK_Users_TaxGroups_TaxGroupId; Type: FK CONSTRAINT; Schema: public; Owner: postgres
--

ALTER TABLE ONLY public."Users"
    ADD CONSTRAINT "FK_Users_TaxGroups_TaxGroupId" FOREIGN KEY ("TaxGroupId") REFERENCES public."TaxGroups"("Id");


-- Completed on 2025-11-19 22:31:16

--
-- PostgreSQL database dump complete
--

\unrestrict bqXylHE7wiScbFL5CcgV8sckV5Ioy2pacUl2PT8Iayhnvkiwo1zCck8BeVKeh39

